3,Breena,Longdon,blongdon2@gravatar.com,LHR
4,Witty,Rops,wrops3@time.com,LHR
6,Casar,Quincey,cquincey5@dion.ne.jp,LHR
12,Saree,Leindecker,sleindeckerb@pbs.org,LGW
14,Hanan,Puleque,hpulequed@geocities.jp,LGW
19,Audrye,Bucksey,abuckseyi@people.com.cn,LGW
20,Leona,Audritt,laudrittj@intel.com,LHR
26,Karin,Mc Giffin,kmcgiffinp@telegraph.co.uk,LHR
27,Gian,Tubb,gtubbq@dailymail.co.uk,LGW
33,Margarita,Jon,mjonw@csmonitor.com,LHR
35,Henri,Caddie,hcaddiey@ocn.ne.jp,LGW
36,Ingram,Tweddell,itweddellz@addthis.com,LGW
44,Jenda,Barnfield,jbarnfield17@toplist.cz,LGW
45,Glyn,Skarman,gskarman18@lulu.com,LGW
46,Berna,Grise,bgrise19@pcworld.com,LGW
48,Leodora,Boundy,lboundy1b@merriam-webster.com,LGW
52,Kori,Troyes,ktroyes1f@scientificamerican.com,LHR
54,Wendel,Lorenzetti,wlorenzetti1h@yolasite.com,LHR
55,Gilda,MacCard,gmaccard1i@about.com,LGW
58,Rupert,Skeete,rskeete1l@hao123.com,LGW
69,Ignace,Martschke,imartschke1w@theguardian.com,LGW
75,Tammi,Brambley,tbrambley22@tripod.com,LHR
77,Rourke,Horribine,rhorribine24@bbc.co.uk,LGW
87,Tiphani,Buterton,tbuterton2e@nationalgeographic.com,LGW
89,Sherman,Willock,swillock2g@sina.com.cn,LGW
90,Gail,Fidgett,gfidgett2h@last.fm,LHR
91,Land,Bassick,lbassick2i@wordpress.org,LGW
95,Margarita,Wills,mwills2m@pinterest.com,LGW
96,Allis,Hawtry,ahawtry2n@amazon.de,LHR
