id,first_name,last_name,email,airport
1,Earlie,Chamney,echamney0@ucoz.com,FRA
2,Cathrine,Kenningham,ckenningham1@fotki.com,MEL
3,Breena,Longdon,blongdon2@gravatar.com,LHR
4,Witty,Rops,wrops3@time.com,LHR
5,Trixie,Upward,tupward4@ed.gov,DXB
6,Casar,Quincey,cquincey5@dion.ne.jp,LHR
7,Sergent,Danbye,sdanbye6@lulu.com,AMS
8,Gustaf,Leopold,gleopold7@biglobe.ne.jp,DXB
9,Doralynn,Sieb,dsieb8@addtoany.com,SIN
10,Berty,Vanyatin,bvanyatin9@epa.gov,LAX
11,Carmelle,Rasher,crashera@walmart.com,MEL
12,Saree,Leindecker,sleindeckerb@pbs.org,LGW
13,Lockwood,Lickorish,llickorishc@wsj.com,FRA
14,Hanan,Puleque,hpulequed@geocities.jp,LGW
15,Anet,Grindlay,agrindlaye@godaddy.com,SIN
16,Tallia,Bremmer,tbremmerf@apache.org,MEL
17,Herminia,Theobald,htheobaldg@blogs.com,MEL
18,Bryce,Honeyghan,bhoneyghanh@fotki.com,AMS
19,Audrye,Bucksey,abuckseyi@people.com.cn,LGW
20,Leona,Audritt,laudrittj@intel.com,LHR
21,Sadye,Terrans,sterransk@ask.com,MEL
22,Babb,Jindrak,bjindrakl@wiley.com,DXB
23,Nonna,Pawlicki,npawlickim@un.org,LAX
24,Sigismundo,Rubinowitch,srubinowitchn@shinystat.com,DXB
25,Grange,Sleicht,gsleichto@unc.edu,MEL
26,Karin,Mc Giffin,kmcgiffinp@telegraph.co.uk,LHR
27,Gian,Tubb,gtubbq@dailymail.co.uk,LGW
28,Jdavie,Conan,jconanr@hud.gov,LAX
29,Alvina,Chasen,achasens@miibeian.gov.cn,SIN
30,Tessi,Aizic,taizict@tamu.edu,LAX
31,Allister,Kynett,akynettu@timesonline.co.uk,FRA
32,Sigvard,Comelli,scomelliv@vkontakte.ru,LAX
33,Margarita,Jon,mjonw@csmonitor.com,LHR
34,Jan,Loughrey,jloughreyx@wisc.edu,AMS
35,Henri,Caddie,hcaddiey@ocn.ne.jp,LGW
36,Ingram,Tweddell,itweddellz@addthis.com,LGW
37,Robin,Albarez,ralbarez10@omniture.com,SIN
38,Puff,Hulme,phulme11@cargocollective.com,SIN
39,Celestine,Lange,clange12@nymag.com,AMS
40,Niles,Ludwikiewicz,nludwikiewicz13@scientificamerican.com,FRA
41,Price,Jirus,pjirus14@blogs.com,FRA
42,Marsh,Anespie,manespie15@ihg.com,MEL
43,Rey,McRuvie,rmcruvie16@squarespace.com,MEL
44,Jenda,Barnfield,jbarnfield17@toplist.cz,LGW
45,Glyn,Skarman,gskarman18@lulu.com,LGW
46,Berna,Grise,bgrise19@pcworld.com,LGW
47,Gifford,Floodgate,gfloodgate1a@shareasale.com,AMS
48,Leodora,Boundy,lboundy1b@merriam-webster.com,LGW
49,Cheryl,Emps,cemps1c@deviantart.com,SIN
50,Stillman,Beadles,sbeadles1d@bloglines.com,LAX
51,Sydel,Nelmes,snelmes1e@goodreads.com,AMS
52,Kori,Troyes,ktroyes1f@scientificamerican.com,LHR
53,Drugi,Stickins,dstickins1g@sina.com.cn,DXB
54,Wendel,Lorenzetti,wlorenzetti1h@yolasite.com,LHR
55,Gilda,MacCard,gmaccard1i@about.com,LGW
56,Austine,Arlet,aarlet1j@mit.edu,LAX
57,Ransom,Clementson,rclementson1k@diigo.com,AMS
58,Rupert,Skeete,rskeete1l@hao123.com,LGW
59,Dilly,Astie,dastie1m@umn.edu,MEL
60,Chelsea,Bonsall,cbonsall1n@princeton.edu,AMS
61,Tallie,Cotes,tcotes1o@newyorker.com,SIN
62,Sascha,Dullingham,sdullingham1p@psu.edu,FRA
63,Nickie,Janes,njanes1q@reference.com,FRA
64,Celka,Pembery,cpembery1r@cisco.com,FRA
65,Nina,Molfino,nmolfino1s@macromedia.com,DXB
66,Cleopatra,Nelthorpe,cnelthorpe1t@cnn.com,DXB
67,Denney,Tredgold,dtredgold1u@hc360.com,SIN
68,Frannie,Kneeland,fkneeland1v@state.tx.us,AMS
69,Ignace,Martschke,imartschke1w@theguardian.com,LGW
70,Zeb,Wellard,zwellard1x@cnbc.com,DXB
71,Humbert,Geeves,hgeeves1y@edublogs.org,SIN
72,Eugenio,Durtnel,edurtnel1z@a8.net,FRA
73,Jammal,Tissell,jtissell20@pagesperso-orange.fr,MEL
74,Leticia,Sadlier,lsadlier21@hubpages.com,AMS
75,Tammi,Brambley,tbrambley22@tripod.com,LHR
76,Lanny,Sweett,lsweett23@goodreads.com,AMS
77,Rourke,Horribine,rhorribine24@bbc.co.uk,LGW
78,Angelita,Friend,afriend25@ted.com,DXB
79,Warren,Gowen,wgowen26@imdb.com,LAX
80,Devondra,Biasetti,dbiasetti27@ucoz.ru,AMS
81,Lauralee,Astall,lastall28@eventbrite.com,LAX
82,Ruthi,Arends,rarends29@w3.org,LAX
83,Thibaut,Fratson,tfratson2a@amazon.co.uk,AMS
84,Coleman,Tunna,ctunna2b@newsvine.com,MEL
85,Esmaria,Foye,efoye2c@ted.com,MEL
86,Angelle,Klasing,aklasing2d@ezinearticles.com,FRA
87,Tiphani,Buterton,tbuterton2e@nationalgeographic.com,LGW
88,Say,Giovannardi,sgiovannardi2f@hatena.ne.jp,AMS
89,Sherman,Willock,swillock2g@sina.com.cn,LGW
90,Gail,Fidgett,gfidgett2h@last.fm,LHR
91,Land,Bassick,lbassick2i@wordpress.org,LGW
92,Luciano,Cawtheray,lcawtheray2j@printfriendly.com,MEL
93,Corly,Walklett,cwalklett2k@auda.org.au,LAX
94,Nevsa,Manzell,nmanzell2l@pinterest.com,DXB
95,Margarita,Wills,mwills2m@pinterest.com,LGW
96,Allis,Hawtry,ahawtry2n@amazon.de,LHR
97,Cass,Verrill,cverrill2o@cdbaby.com,AMS
98,Spense,Borsnall,sborsnall2p@kickstarter.com,AMS
99,Weider,Broadbere,wbroadbere2q@vistaprint.com,LAX
100,Alexi,Baptist,abaptist2r@quantcast.com,AMS
